<application>
  <component name="BaseRefactoringSettings">
    <option name="SAFE_DELETE_WHEN_DELETE" value="false" />
    <option name="RENAME_SEARCH_IN_COMMENTS_FOR_FILE" value="false" />
    <option name="RENAME_SEARCH_FOR_REFERENCES_FOR_FILE" value="false" />
  </component>
  <component name="PhpRefactoringSettings">
    <option name="RENAME_CLASS_INHERITORS_AND_REATED_FILES" value="false" />
    <option name="RENAME_SEARCH_IN_COMMENTS_FOR_FIELD" value="true" />
    <option name="RENAME_SEARCH_NON_CODE_FOR_FIELD" value="true" />
    <option name="MOVE_CLASS_SEARCH_IN_COMMENTS_AND_STRINGS" value="true" />
  </component>
</application>